{
  "config": {
    "model": "convnext_base",
    "n_test": 50,
    "N": 50,
    "min_conf": 0.75,
    "methods": [
      "ig",
      "idig",
      "guided_ig",
      "guided_ig_standard",
      "idgi_standard",
      "lig"
    ],
    "metrics": [
      "insertion",
      "deletion",
      "ins-del"
    ],
    "seed": 42
  },
  "statistics": {
    "ig": {
      "Q": {
        "mean": 0.6901935222649374,
        "std": 0.2737889846662373,
        "min": 0.004228635437640501,
        "max": 0.9920517777503987
      },
      "Var_nu": {
        "mean": 0.5658841989189386,
        "std": 0.8449596214297026,
        "min": 0.008882595226168633,
        "max": 3.710395097732544
      },
      "CV2": {
        "mean": 7.11661349182543,
        "std": 33.736524646446306,
        "min": 0.00801190263236554,
        "max": 235.48290677854726
      },
      "insertion_auc": {
        "mean": 0.7118955823148774,
        "std": 0.16104845985149335,
        "min": 0.29762013182361574,
        "max": 0.9828153836116373
      },
      "deletion_auc": {
        "mean": 0.5793416311508933,
        "std": 0.16102234933626025,
        "min": 0.22017243280184873,
        "max": 0.9310013846850785
      },
      "ins_del": {
        "mean": 0.132553951163984,
        "std": 0.19199428628279677,
        "min": -0.3454308802648967,
        "max": 0.7626429508097886
      },
      "time": {
        "mean": 0.4684149217605591,
        "std": 0.08217125662048994,
        "min": 0.45574450492858887,
        "max": 1.0435922145843506
      }
    },
    "idig": {
      "Q": {
        "mean": 0.7332755517932987,
        "std": 0.282891651547282,
        "min": 0.012802218116325413,
        "max": 0.9982992150782801
      },
      "Var_nu": {
        "mean": 0.4121864362200722,
        "std": 0.695790726749828,
        "min": 0.001972644357010722,
        "max": 3.705704689025879
      },
      "CV2": {
        "mean": 4.224888450679335,
        "std": 15.291206518100001,
        "min": 0.001703682519259905,
        "max": 77.1114640380012
      },
      "insertion_auc": {
        "mean": 0.7277875947944941,
        "std": 0.1488377255009411,
        "min": 0.31907121013167844,
        "max": 0.9758647750116948
      },
      "deletion_auc": {
        "mean": 0.5511755190867413,
        "std": 0.1675608378432185,
        "min": 0.26800598510342677,
        "max": 0.8524497943232506
      },
      "ins_del": {
        "mean": 0.17661207570775272,
        "std": 0.1852894168228987,
        "min": -0.08897113964471859,
        "max": 0.6846715279107518
      },
      "time": {
        "mean": 0.4570805835723877,
        "std": 0.00043412573665304466,
        "min": 0.45618677139282227,
        "max": 0.45827412605285645
      }
    },
    "guided_ig": {
      "Q": {
        "mean": 0.8150707397579476,
        "std": 0.3095066954867503,
        "min": 0.013533612587830594,
        "max": 0.9999820751065159
      },
      "Var_nu": {
        "mean": 5.983885801185807e-05,
        "std": 0.00016888281312363844,
        "min": 9.237018616659043e-08,
        "max": 0.001174870994873345
      },
      "CV2": {
        "mean": 3.862794691795616,
        "std": 14.05888740570666,
        "min": 1.7925214791585216e-05,
        "max": 72.89010092539509
      },
      "insertion_auc": {
        "mean": 0.7148699209967924,
        "std": 0.16450932502221782,
        "min": 0.3554300024132986,
        "max": 0.9552404168414362
      },
      "deletion_auc": {
        "mean": 0.5978630828330606,
        "std": 0.13615577608458487,
        "min": 0.26116954943662485,
        "max": 0.9101995692968073
      },
      "ins_del": {
        "mean": 0.11700683816373177,
        "std": 0.14716620122159646,
        "min": -0.2985460498510404,
        "max": 0.3815954445691114
      },
      "time": {
        "mean": 2.4654751110076902,
        "std": 0.032839639675832755,
        "min": 2.4145195484161377,
        "max": 2.6155781745910645
      }
    },
    "guided_ig_standard": {
      "Q": {
        "mean": 0.3779756406149513,
        "std": 0.23399756370771704,
        "min": 0.00030431848118792374,
        "max": 0.844052724602635
      },
      "Var_nu": {
        "mean": 0.6235300905257464,
        "std": 0.6123831678386545,
        "min": 0.014509592205286026,
        "max": 3.0676701068878174
      },
      "CV2": {
        "mean": 84.89966405860366,
        "std": 467.8221427311859,
        "min": 0.18476011136719242,
        "max": 3285.0311213977066
      },
      "insertion_auc": {
        "mean": 0.792799747424123,
        "std": 0.12927355575366598,
        "min": 0.4740967622364213,
        "max": 0.9865630953633483
      },
      "deletion_auc": {
        "mean": 0.511841076987695,
        "std": 0.17828859496216257,
        "min": 0.10194702694305467,
        "max": 0.8916380511721536
      },
      "ins_del": {
        "mean": 0.28095867043642797,
        "std": 0.16525180638603743,
        "min": -0.02390253904376516,
        "max": 0.8250473519716112
      },
      "time": {
        "mean": 2.6369217681884765,
        "std": 0.042058407805869516,
        "min": 2.5491836071014404,
        "max": 2.7435925006866455
      }
    },
    "idgi_standard": {
      "Q": {
        "mean": 0.6177380831114299,
        "std": 0.31590914692990346,
        "min": 0.0016589867525010327,
        "max": 0.9891516431076397
      },
      "Var_nu": {
        "mean": 0.48278624737635256,
        "std": 0.8561120142486505,
        "min": 0.01147835049778223,
        "max": 5.384842395782471
      },
      "CV2": {
        "mean": 14.905001171156554,
        "std": 84.13332574628271,
        "min": 0.010967334450638626,
        "max": 601.7775679898791
      },
      "insertion_auc": {
        "mean": 0.7372938368227443,
        "std": 0.14481638646694084,
        "min": 0.4138824265750608,
        "max": 0.9684146237538533
      },
      "deletion_auc": {
        "mean": 0.5523468143930615,
        "std": 0.1640197359702356,
        "min": 0.2588009736288721,
        "max": 0.85372449832931
      },
      "ins_del": {
        "mean": 0.18494702242968294,
        "std": 0.17376060272609234,
        "min": -0.2539476580268827,
        "max": 0.7096136501249812
      },
      "time": {
        "mean": 2.4428515100479125,
        "std": 0.03403150860365684,
        "min": 2.3829760551452637,
        "max": 2.5524916648864746
      }
    },
    "lig": {
      "Q": {
        "mean": 0.9849588379537704,
        "std": 0.05780149940807632,
        "min": 0.7019532652457493,
        "max": 0.9999979922991119
      },
      "Var_nu": {
        "mean": 0.003985135931716286,
        "std": 0.013105025973775018,
        "min": 2.6126631382794585e-06,
        "max": 0.081143319606781
      },
      "CV2": {
        "mean": 0.019978716288008735,
        "std": 0.08035075178688855,
        "min": 2.007704918940974e-06,
        "max": 0.4245962651799994
      },
      "insertion_auc": {
        "mean": 0.8066985233971272,
        "std": 0.12055023650733097,
        "min": 0.5159036667806388,
        "max": 0.9890066477071251
      },
      "deletion_auc": {
        "mean": 0.5196788086440869,
        "std": 0.1569714448605015,
        "min": 0.21477653236538852,
        "max": 0.9089845601082975
      },
      "ins_del": {
        "mean": 0.28701971475304017,
        "std": 0.16978621447263173,
        "min": -0.1882749379251759,
        "max": 0.7742301153417366
      },
      "time": {
        "mean": 93.80784640789032,
        "std": 0.03970493656907594,
        "min": 93.75216507911682,
        "max": 93.90881252288818
      }
    }
  },
  "images": [
    {
      "index": 0,
      "source": "./sample_imagenet1k/n04141076_sax.JPEG",
      "target_class": 776,
      "confidence": 0.8735139966011047,
      "class_name": null
    },
    {
      "index": 1,
      "source": "./sample_imagenet1k/n07565083_menu.JPEG",
      "target_class": 922,
      "confidence": 0.8326394557952881,