{
  "config": {
    "model": "densenet121",
    "n_test": 50,
    "N": 50,
    "min_conf": 0.75,
    "methods": [
      "ig",
      "idig",
      "guided_ig",
      "guided_ig_standard",
      "idgi_standard",
      "lig"
    ],
    "metrics": [
      "insertion",
      "deletion",
      "ins-del"
    ],
    "seed": 42
  },
  "statistics": {
    "ig": {
      "Q": {
        "mean": 0.7654728686194298,
        "std": 0.18866282517685404,
        "min": 0.2181339460664984,
        "max": 0.9934579115694985
      },
      "Var_nu": {
        "mean": 0.3719260300369933,
        "std": 0.5330132028716329,
        "min": 0.00378253567032516,
        "max": 2.901372194290161
      },
      "CV2": {
        "mean": 0.4374089278736138,
        "std": 0.5956716854081647,
        "min": 0.00658516918967015,
        "max": 3.584339200901581
      },
      "insertion_auc": {
        "mean": 0.5689525220475672,
        "std": 0.18818607085210204,
        "min": 0.10888443513122618,
        "max": 0.933369136938648
      },
      "deletion_auc": {
        "mean": 0.2703056133418093,
        "std": 0.15989967049718554,
        "min": -0.105215269212891,
        "max": 0.770426110558574
      },
      "ins_del": {
        "mean": 0.298646908705758,
        "std": 0.22551670752463646,
        "min": -0.24795007065593255,
        "max": 0.792062100850124
      },
      "time": {
        "mean": 0.2980317544937134,
        "std": 0.013882624366811251,
        "min": 0.29465818405151367,
        "max": 0.3951454162597656
      }
    },
    "idig": {
      "Q": {
        "mean": 0.8244079507510316,
        "std": 0.18929997472788707,
        "min": 0.17564757441154544,
        "max": 0.9991721332534164
      },
      "Var_nu": {
        "mean": 0.21721875183691736,
        "std": 0.42503185946446875,
        "min": 0.0004763325850944966,
        "max": 2.8182239532470703
      },
      "CV2": {
        "mean": 0.3547182149194557,
        "std": 0.721399919856808,
        "min": 0.0008285526777933182,
        "max": 4.693218385452804
      },
      "insertion_auc": {
        "mean": 0.5880979988833279,
        "std": 0.16482010824075233,
        "min": 0.2939465522070829,
        "max": 0.8568363821316356
      },
      "deletion_auc": {
        "mean": 0.256273162395687,
        "std": 0.1585139525238299,
        "min": -0.13194083072795826,
        "max": 0.8073955581769918
      },
      "ins_del": {
        "mean": 0.33182483648764083,
        "std": 0.18859095876695905,
        "min": -0.010369982367983366,
        "max": 0.69020575917769
      },
      "time": {
        "mean": 0.297056303024292,
        "std": 0.0005300434687674376,
        "min": 0.2954270839691162,
        "max": 0.2978947162628174
      }
    },
    "guided_ig": {
      "Q": {
        "mean": 0.9167149640726655,
        "std": 0.16526048166323945,
        "min": 0.175402263565286,
        "max": 0.9991191357786112
      },
      "Var_nu": {
        "mean": 0.7742283176118508,
        "std": 4.133662232190508,
        "min": 6.382387800840661e-05,
        "max": 29.57139778137207
      },
      "CV2": {
        "mean": 0.20259590249186663,
        "std": 0.702682068150652,
        "min": 0.0008816408272495283,
        "max": 4.701180701284352
      },
      "insertion_auc": {
        "mean": 0.5389789735133803,
        "std": 0.16616388255175066,
        "min": 0.21664879373031914,
        "max": 0.8277928390825187
      },
      "deletion_auc": {
        "mean": 0.27463637023838383,
        "std": 0.1572136230957901,
        "min": -0.018631689319698535,
        "max": 0.6755764527571041
      },
      "ins_del": {
        "mean": 0.2643426032749965,
        "std": 0.16659896478112377,
        "min": -0.03961560130288305,
        "max": 0.6039461498456626
      },
      "time": {
        "mean": 3.402104902267456,
        "std": 0.02161114921827866,
        "min": 3.3658461570739746,
        "max": 3.497467517852783
      }
    },
    "guided_ig_standard": {
      "Q": {
        "mean": 0.5989592864538369,
        "std": 0.2356166337223406,
        "min": 0.07823004735717659,
        "max": 0.9678839733260054
      },
      "Var_nu": {
        "mean": 0.5205712334811687,
        "std": 0.38673175587123626,
        "min": 0.035280901938676834,
        "max": 1.8013800382614136
      },
      "CV2": {
        "mean": 1.4824822465634486,
        "std": 2.5223436320961587,
        "min": 0.033181690738851875,
        "max": 11.78281215188684
      },
      "insertion_auc": {
        "mean": 0.5981535111378891,
        "std": 0.17418531030625273,
        "min": 0.231692945841304,
        "max": 0.9034832835729463
      },
      "deletion_auc": {
        "mean": 0.24830456273024448,
        "std": 0.1554934196820249,
        "min": -0.1474731152693004,
        "max": 0.7502468648575393
      },
      "ins_del": {
        "mean": 0.3498489484076447,
        "std": 0.20374928667391595,
        "min": -0.13720475426367074,
        "max": 0.7629749292664947
      },
      "time": {
        "mean": 3.545153317451477,
        "std": 0.019654908863686742,
        "min": 3.506617784500122,
        "max": 3.610450029373169
      }
    },
    "idgi_standard": {
      "Q": {
        "mean": 0.7698070066931432,
        "std": 0.28797562621523387,
        "min": 0.029264754438913756,
        "max": 0.9922560705249238
      },
      "Var_nu": {
        "mean": 0.19687366785481572,
        "std": 0.31803052384248526,
        "min": 0.010375089943408966,
        "max": 2.080711841583252
      },
      "CV2": {
        "mean": 1.6425279090479434,
        "std": 5.075705387426055,
        "min": 0.007804365934470363,
        "max": 33.170797574514616
      },
      "insertion_auc": {
        "mean": 0.5541846698965431,
        "std": 0.15965292228358863,
        "min": 0.2601954713179571,
        "max": 0.8518015438425667
      },
      "deletion_auc": {
        "mean": 0.2551851837565826,
        "std": 0.15358357186859237,
        "min": -0.09720922772561677,
        "max": 0.6412299757804171
      },
      "ins_del": {
        "mean": 0.29899948613996047,
        "std": 0.19170273642835028,
        "min": -0.016001112867762513,
        "max": 0.7019938971974757
      },
      "time": {
        "mean": 3.3634116554260256,
        "std": 0.021055662944254247,
        "min": 3.3286993503570557,
        "max": 3.4543375968933105
      }
    },
    "lig": {
      "Q": {
        "mean": 0.9792621928616131,
        "std": 0.10020228875492457,
        "min": 0.3783332820858477,
        "max": 0.9999984626197639
      },
      "Var_nu": {
        "mean": 0.07046108742289334,
        "std": 0.378121720745893,
        "min": 9.574365549269714e-07,
        "max": 2.6009111404418945
      },
      "CV2": {
        "mean": 0.045517945905010876,
        "std": 0.24255391877889115,
        "min": 1.5373825996640846e-06,
        "max": 1.6431721642006893
      },
      "insertion_auc": {
        "mean": 0.6107176278357966,
        "std": 0.1516202692782562,
        "min": 0.2936087136091504,
        "max": 0.9206836164172465
      },
      "deletion_auc": {
        "mean": 0.2516484591836891,
        "std": 0.164284536779998,
        "min": -0.17822465770546125,
        "max": 0.6889038303191105
      },
      "ins_del": {
        "mean": 0.3590691686521074,
        "std": 0.19022222345597803,
        "min": -0.1036380342317213,
        "max": 0.7478536169840858
      },
      "time": {
        "mean": 61.13718622684479,
        "std": 0.029265845850044426,
        "min": 61.04486274719238,
        "max": 61.21500897407532
      }
    }
  },
  "images": [
    {
      "index": 0,
      "source": "./sample_imagenet1k/n03075370_combination_lock.JPEG",
      "target_class": 507,
      "confidence": 0.9988308548927307,
      "class_name": null
    },
    {
      "index": 1,
      "source": "./sample_imagenet1k/n04552348_warplane.JPEG",
      "target_class": 895,
      "confidence": 0.9364693760871887,