{
  "config": {
    "model": "efficientnet_b0",
    "n_test": 50,
    "N": 50,
    "min_conf": 0.75,
    "methods": [
      "ig",
      "idig",
      "guided_ig",
      "guided_ig_standard",
      "idgi_standard",
      "lig"
    ],
    "metrics": [
      "insertion",
      "deletion",
      "ins-del"
    ],
    "seed": 42
  },
  "statistics": {
    "ig": {
      "Q": {
        "mean": 0.7444730873044062,
        "std": 0.17981366096914952,
        "min": 0.004731030816920258,
        "max": 0.967752936076402
      },
      "Var_nu": {
        "mean": 0.3156097608245909,
        "std": 0.309962796937931,
        "min": 0.01241882611066103,
        "max": 1.731142520904541
      },
      "CV2": {
        "mean": 4.588152142064662,
        "std": 29.40015485092966,
        "min": 0.03332158727860712,
        "max": 210.3704261708797
      },
      "insertion_auc": {
        "mean": 0.6748394644395447,
        "std": 0.19384953694733723,
        "min": 0.1527973663530396,
        "max": 0.9543479722561128
      },
      "deletion_auc": {
        "mean": 0.37311534963930554,
        "std": 0.1717122082570533,
        "min": 0.02557329533427334,
        "max": 0.8014188401867245
      },
      "ins_del": {
        "mean": 0.3017241148002391,
        "std": 0.21640914009748682,
        "min": -0.34212657649973127,
        "max": 0.7532034032546601
      },
      "time": {
        "mean": 0.10315686225891113,
        "std": 0.19624397991722242,
        "min": 0.07418656349182129,
        "max": 1.4768552780151367
      }
    },
    "idig": {
      "Q": {
        "mean": 0.8269371104252714,
        "std": 0.18082720023786678,
        "min": 0.01717411247859561,
        "max": 0.9940017915413419
      },
      "Var_nu": {
        "mean": 0.17317369587486608,
        "std": 0.21151446733813456,
        "min": 0.001781278639100492,
        "max": 1.1521543264389038
      },
      "CV2": {
        "mean": 1.3770374873470888,
        "std": 7.985307576297353,
        "min": 0.006034404072206889,
        "max": 57.22717192788373
      },
      "insertion_auc": {
        "mean": 0.6907871119130549,
        "std": 0.1762127631636613,
        "min": 0.31286366330522025,
        "max": 0.9756476664401068
      },
      "deletion_auc": {
        "mean": 0.37240654692390657,
        "std": 0.17554911985429986,
        "min": 0.06324709909341618,
        "max": 0.7955887026299044
      },
      "ins_del": {
        "mean": 0.3183805649891483,
        "std": 0.18742750811040904,
        "min": -0.08963245155098654,
        "max": 0.7734127462139474
      },
      "time": {
        "mean": 0.07577604770660401,
        "std": 0.0012218042361091385,
        "min": 0.07446956634521484,
        "max": 0.08080530166625977
      }
    },
    "guided_ig": {
      "Q": {
        "mean": 0.2663630822566976,
        "std": 0.30979852917001544,
        "min": 0.00012895784833834287,
        "max": 0.9931000111707994
      },
      "Var_nu": {
        "mean": 0.0009005940864574313,
        "std": 0.0014601562332551652,
        "min": 4.388085130813124e-07,
        "max": 0.007249521557241678
      },
      "CV2": {
        "mean": 245.81146114976235,
        "std": 1157.5140554365532,
        "min": 0.0069479294648943585,
        "max": 7753.471812962712
      },
      "insertion_auc": {
        "mean": 0.5355620548447972,
        "std": 0.18043948460708287,
        "min": 0.23212036851413345,
        "max": 0.9839711754341594
      },
      "deletion_auc": {
        "mean": 0.461880662281754,
        "std": 0.16819503532600566,
        "min": 0.12631575514875493,
        "max": 0.8440715748418298
      },
      "ins_del": {
        "mean": 0.07368139256304326,
        "std": 0.17136127529056935,
        "min": -0.3969849250847756,
        "max": 0.5016638845310031
      },
      "time": {
        "mean": 1.9299532556533814,
        "std": 0.02146581651024717,
        "min": 1.8973567485809326,
        "max": 2.00217342376709
      }
    },
    "guided_ig_standard": {
      "Q": {
        "mean": 0.5045337183316191,
        "std": 0.2398706636643637,
        "min": 2.5846936390882856e-05,
        "max": 0.8218467315583532
      },
      "Var_nu": {
        "mean": 0.7115629348158836,
        "std": 0.6446809168736196,
        "min": 0.1259792298078537,
        "max": 3.0528948307037354
      },
      "CV2": {
        "mean": 779.7650621178456,
        "std": 5415.564086662294,
        "min": 0.21677188896747163,
        "max": 38688.3047933037
      },
      "insertion_auc": {
        "mean": 0.6789700644965341,
        "std": 0.19444711983532023,
        "min": 0.17655243986681463,
        "max": 0.9576857764998971
      },
      "deletion_auc": {
        "mean": 0.3479380619599583,
        "std": 0.1756721851535484,
        "min": -0.02420200343584509,
        "max": 0.7749813621321232
      },
      "ins_del": {
        "mean": 0.33103200253657583,
        "std": 0.2058220086973395,
        "min": -0.27331742307293816,
        "max": 0.7546528478982848
      },
      "time": {
        "mean": 2.0969720888137817,
        "std": 0.026344253013416884,
        "min": 2.057516574859619,
        "max": 2.2012746334075928
      }
    },
    "idgi_standard": {
      "Q": {
        "mean": 0.7390577502345884,
        "std": 0.2435878371553099,
        "min": 0.005334638991416883,
        "max": 0.9994603784852012
      },
      "Var_nu": {
        "mean": 0.23075847519445233,
        "std": 0.23943415968717316,
        "min": 0.0009428369230590761,
        "max": 1.043668270111084
      },
      "CV2": {
        "mean": 4.582260209803692,
        "std": 26.093289908910872,
        "min": 0.0005399128633960421,
        "max": 186.45410919256966
      },
      "insertion_auc": {
        "mean": 0.6980995221541467,
        "std": 0.18012594161239837,
        "min": 0.2764382550978714,
        "max": 1.0356146576225531
      },
      "deletion_auc": {
        "mean": 0.36191547052866874,
        "std": 0.1780545484373099,
        "min": 0.024732996289062514,
        "max": 0.7959734272551394
      },
      "ins_del": {
        "mean": 0.33618405162547793,
        "std": 0.19767750143049087,
        "min": -0.07667594536550182,
        "max": 0.8464246596516123
      },
      "time": {
        "mean": 1.9031337070465089,
        "std": 0.01936295237565419,
        "min": 1.8598475456237793,
        "max": 1.9555301666259766
      }
    },
    "lig": {
      "Q": {
        "mean": 0.9611951733037588,
        "std": 0.16876814985618013,
        "min": 0.006035550469932197,
        "max": 0.999994892317175
      },
      "Var_nu": {
        "mean": 0.07735557990198004,
        "std": 0.36961854267087385,
        "min": 1.645559791541018e-06,
        "max": 2.101841688156128
      },
      "CV2": {
        "mean": 3.3410758711790733,
        "std": 23.050863470732224,
        "min": 5.107708913586041e-06,
        "max": 164.68497024120384
      },
      "insertion_auc": {
        "mean": 0.741280761204429,
        "std": 0.17273880738909325,
        "min": 0.31153865762081734,
        "max": 0.9730252487318372
      },
      "deletion_auc": {
        "mean": 0.36549254387257013,
        "std": 0.17168745778484643,
        "min": 0.0162305098076164,
        "max": 0.8162794583763939
      },
      "ins_del": {
        "mean": 0.37578821733185896,
        "std": 0.17410252490100803,
        "min": -0.2121494620814266,
        "max": 0.6646484762518674
      },
      "time": {
        "mean": 11.935193815231322,
        "std": 0.055560744042005804,
        "min": 11.812163829803467,
        "max": 12.062509536743164
      }
    }
  },
  "images": [
    {
      "index": 0,
      "source": "./sample_imagenet1k/n04141076_sax.JPEG",
      "target_class": 776,
      "confidence": 0.9308720827102661,
      "class_name": null
    },
    {
      "index": 1,
      "source": "./sample_imagenet1k/n03075370_combination_lock.JPEG",
      "target_class": 507,
      "confidence": 0.9969898462295532,