{
  "config": {
    "model": "inception_v3",
    "n_test": 50,
    "N": 50,
    "min_conf": 0.75,
    "methods": [
      "ig",
      "idig",
      "guided_ig",
      "guided_ig_standard",
      "idgi_standard",
      "lig"
    ],
    "metrics": [
      "insertion",
      "deletion",
      "ins-del"
    ],
    "seed": 42
  },
  "statistics": {
    "ig": {
      "Q": {
        "mean": 0.7060890596653556,
        "std": 0.21024075998555178,
        "min": 0.10028760041743123,
        "max": 0.981869583679555
      },
      "Var_nu": {
        "mean": 0.347763643078506,
        "std": 0.34536871563770455,
        "min": 0.017174160107970238,
        "max": 1.5468940734863281
      },
      "CV2": {
        "mean": 0.8102225460774468,
        "std": 1.6471889657932886,
        "min": 0.018465198048503755,
        "max": 8.971322435053372
      },
      "insertion_auc": {
        "mean": 0.6115249230922367,
        "std": 0.2265700888800006,
        "min": 0.07064922978315066,
        "max": 1.0943561354520555
      },
      "deletion_auc": {
        "mean": 0.206205766225219,
        "std": 0.1376612288461578,
        "min": -0.03217199002812581,
        "max": 0.5704314690103236
      },
      "ins_del": {
        "mean": 0.4053191568670176,
        "std": 0.24009767799025272,
        "min": -0.06089133442803957,
        "max": 0.9013975741597408
      },
      "time": {
        "mean": 0.12012094020843506,
        "std": 0.2426992336771701,
        "min": 0.08477663993835449,
        "max": 1.8190128803253174
      }
    },
    "idig": {
      "Q": {
        "mean": 0.8055530727268936,
        "std": 0.1954350511876674,
        "min": 0.16116066476042065,
        "max": 0.9901900288028412
      },
      "Var_nu": {
        "mean": 0.1962919719144702,
        "std": 0.2992252587571139,
        "min": 0.009319033473730087,
        "max": 1.6093406677246094
      },
      "CV2": {
        "mean": 0.44817198746494563,
        "std": 0.9548941639166505,
        "min": 0.00990716015290438,
        "max": 5.204988056400654
      },
      "insertion_auc": {
        "mean": 0.6209136210241286,
        "std": 0.19465144102729645,
        "min": 0.10932122019950066,
        "max": 0.9471698576273674
      },
      "deletion_auc": {
        "mean": 0.1855188966930644,
        "std": 0.12333111544195811,
        "min": -0.0764437698940887,
        "max": 0.5256664961631481
      },
      "ins_del": {
        "mean": 0.43539472433106413,
        "std": 0.1987033708039664,
        "min": 0.005211944429511117,
        "max": 0.8564565523331801
      },
      "time": {
        "mean": 0.08577281951904298,
        "std": 0.0011836418121678768,
        "min": 0.08491659164428711,
        "max": 0.0933985710144043
      }
    },
    "guided_ig": {
      "Q": {
        "mean": 0.06195668003259461,
        "std": 0.0843794216271581,
        "min": 2.2691836403824754e-06,
        "max": 0.3536835839643428
      },
      "Var_nu": {
        "mean": 0.00450086364755407,
        "std": 0.0028975707855252706,
        "min": 0.00026174786034971476,
        "max": 0.013646004721522331
      },
      "CV2": {
        "mean": 13972.627425500488,
        "std": 64153.328400665785,
        "min": 1.8273859611782737,
        "max": 440686.1185760215
      },
      "insertion_auc": {
        "mean": 0.5548704036791329,
        "std": 0.20046024849419353,
        "min": 0.1526238707694133,
        "max": 0.9278373970843785
      },
      "deletion_auc": {
        "mean": 0.23678639994866,
        "std": 0.15160676796378178,
        "min": -0.03614596747047689,
        "max": 0.5949922568270853
      },
      "ins_del": {
        "mean": 0.3180840037304728,
        "std": 0.19101100856876455,
        "min": 0.026685419076472705,
        "max": 0.7829597868318127
      },
      "time": {
        "mean": 2.433881916999817,
        "std": 0.10621388184308236,
        "min": 2.3827545642852783,
        "max": 3.1661765575408936
      }
    },
    "guided_ig_standard": {
      "Q": {
        "mean": 0.5922000426035481,
        "std": 0.22830217817474083,
        "min": 0.0014282587275721488,
        "max": 0.9562139768390624
      },
      "Var_nu": {
        "mean": 0.590953456312418,
        "std": 0.5770980984711332,
        "min": 0.05589979887008667,
        "max": 3.189725160598755
      },
      "CV2": {
        "mean": 15.305292254497667,
        "std": 97.73069279021458,
        "min": 0.045791030273035896,
        "max": 699.1532570361869
      },
      "insertion_auc": {
        "mean": 0.6181682943089428,
        "std": 0.22710602882107447,
        "min": 0.08973819490362332,
        "max": 0.9874421980431287
      },
      "deletion_auc": {
        "mean": 0.19716904055790865,
        "std": 0.14307307254984752,
        "min": -0.053413639858830284,
        "max": 0.6272685618954432
      },
      "ins_del": {
        "mean": 0.4209992537510341,
        "std": 0.23811639022443323,
        "min": -0.058255925088991134,
        "max": 0.9081924455413215
      },
      "time": {
        "mean": 2.5676128482818603,
        "std": 0.01737029083400519,
        "min": 2.5278353691101074,
        "max": 2.6338374614715576
      }
    },
    "idgi_standard": {
      "Q": {
        "mean": 0.8158320585396828,
        "std": 0.13734258107124958,
        "min": 0.4813899693557163,
        "max": 0.9959036889905705
      },
      "Var_nu": {
        "mean": 0.2139735893253237,
        "std": 0.2880897969657848,
        "min": 0.0007367511279881,
        "max": 1.8156654834747314
      },
      "CV2": {
        "mean": 0.2677470560848497,
        "std": 0.25389202876284706,
        "min": 0.004113159791165605,
        "max": 1.0773178995365897
      },
      "insertion_auc": {
        "mean": 0.6234722398973126,
        "std": 0.19057962075075838,
        "min": 0.10368278252843882,
        "max": 0.950401224963838
      },
      "deletion_auc": {
        "mean": 0.18534137659149322,
        "std": 0.12975814795219162,
        "min": -0.07797670563406961,
        "max": 0.5717705853075679
      },
      "ins_del": {
        "mean": 0.4381308633058194,
        "std": 0.20379945169603303,
        "min": -0.06444951503285434,
        "max": 0.8646802930665942
      },
      "time": {
        "mean": 2.3960433197021485,
        "std": 0.02091908804996428,
        "min": 2.3666088581085205,
        "max": 2.4906868934631348
      }
    },
    "lig": {
      "Q": {
        "mean": 0.9717378933298142,
        "std": 0.14449358497944156,
        "min": 0.0508426236071978,
        "max": 0.99995075945633
      },
      "Var_nu": {
        "mean": 0.0733543161412672,
        "std": 0.3614815413152186,
        "min": 4.863767753704451e-05,
        "max": 2.2512381076812744
      },
      "CV2": {
        "mean": 0.3890404599435023,
        "std": 2.613445154140994,
        "min": 4.924296842038083e-05,
        "max": 18.668536535916093
      },
      "insertion_auc": {
        "mean": 0.6334758340472288,
        "std": 0.2369234664928987,
        "min": 0.0825054657433156,
        "max": 1.085804448027273
      },
      "deletion_auc": {
        "mean": 0.18243106893247232,
        "std": 0.14630223037367424,
        "min": -0.03854710626704717,
        "max": 0.5950326201752576
      },
      "ins_del": {
        "mean": 0.45104476511475666,
        "std": 0.2492101657719115,
        "min": -0.14100142406005478,
        "max": 0.9060395865822322
      },
      "time": {
        "mean": 12.850737500190736,
        "std": 0.073827107352027,
        "min": 12.766950845718384,
        "max": 13.207516431808472
      }
    }
  },
  "images": [
    {
      "index": 0,
      "source": "./sample_imagenet1k/n04141076_sax.JPEG",
      "target_class": 776,
      "confidence": 0.9956914782524109,
      "class_name": null
    },
    {
      "index": 1,
      "source": "./sample_imagenet1k/n03075370_combination_lock.JPEG",
      "target_class": 507,
      "confidence": 0.9998540878295898,