{
  "config": {
    "model": "mobilenet_v2",
    "n_test": 50,
    "N": 50,
    "min_conf": 0.75,
    "methods": [
      "ig",
      "idig",
      "guided_ig",
      "guided_ig_standard",
      "idgi_standard",
      "lig"
    ],
    "metrics": [
      "insertion",
      "deletion",
      "ins-del"
    ],
    "seed": 42
  },
  "statistics": {
    "ig": {
      "Q": {
        "mean": 0.6239989726942197,
        "std": 0.26514409360086466,
        "min": 0.09475623734007915,
        "max": 0.9927272905849321
      },
      "Var_nu": {
        "mean": 0.9336309255193919,
        "std": 1.5796716521679208,
        "min": 0.0074475849978625774,
        "max": 7.130095958709717
      },
      "CV2": {
        "mean": 1.2699324839835588,
        "std": 1.8908080981908413,
        "min": 0.007325989205739083,
        "max": 9.553394985609343
      },
      "insertion_auc": {
        "mean": 0.5297875956624165,
        "std": 0.17824462756898196,
        "min": 0.14948842918046432,
        "max": 0.858784641718586
      },
      "deletion_auc": {
        "mean": 0.28564501053255253,
        "std": 0.14047802139131482,
        "min": 0.05234946051251936,
        "max": 0.6458504455866113
      },
      "ins_del": {
        "mean": 0.24414258512986392,
        "std": 0.1991824558513347,
        "min": -0.0702369523880586,
        "max": 0.7809461425864179
      },
      "time": {
        "mean": 0.058084478378295896,
        "std": 0.023602189297807514,
        "min": 0.05419421195983887,
        "max": 0.22328543663024902
      }
    },
    "idig": {
      "Q": {
        "mean": 0.7704120444806115,
        "std": 0.24146917392295583,
        "min": 0.13633084440316715,
        "max": 0.9995291187311154
      },
      "Var_nu": {
        "mean": 0.4555046325322473,
        "std": 0.9530796723728087,
        "min": 0.00048120730207301676,
        "max": 5.281558990478516
      },
      "CV2": {
        "mean": 0.6419931530322326,
        "std": 1.2248924694044938,
        "min": 0.00047110310251132355,
        "max": 6.335097236269804
      },
      "insertion_auc": {
        "mean": 0.5964724161036351,
        "std": 0.1547018546548174,
        "min": 0.158220158171037,
        "max": 0.905003667747484
      },
      "deletion_auc": {
        "mean": 0.26340718802189966,
        "std": 0.14550291922101952,
        "min": 0.021864256119836743,
        "max": 0.8197997566373241
      },
      "ins_del": {
        "mean": 0.3330652280817354,
        "std": 0.17541821537390784,
        "min": -0.0639412756292067,
        "max": 0.7038175989796438
      },
      "time": {
        "mean": 0.055302824974060055,
        "std": 0.0009096458783346508,
        "min": 0.05468010902404785,
        "max": 0.06108260154724121
      }
    },
    "guided_ig": {
      "Q": {
        "mean": 0.7365298460189225,
        "std": 0.3006043029427977,
        "min": 0.014329531878484375,
        "max": 0.9997132440315435
      },
      "Var_nu": {
        "mean": 0.004077674083087004,
        "std": 0.011617000616302631,
        "min": 3.026977310582879e-06,
        "max": 0.07189884781837463
      },
      "CV2": {
        "mean": 2.4595574508819364,
        "std": 9.810624879174377,
        "min": 0.00028683822102828826,
        "max": 68.78595033529939
      },
      "insertion_auc": {
        "mean": 0.4060073034050181,
        "std": 0.16754863861863148,
        "min": 0.04897673156424883,
        "max": 0.8787028700222321
      },
      "deletion_auc": {
        "mean": 0.3249590641575237,
        "std": 0.14616576222050928,
        "min": 0.028378393184333335,
        "max": 0.6525259646970063
      },
      "ins_del": {
        "mean": 0.0810482392474944,
        "std": 0.17208013609625838,
        "min": -0.25469079513817006,
        "max": 0.46459117838047614
      },
      "time": {
        "mean": 1.2532744550704955,
        "std": 0.013478011256059097,
        "min": 1.2283613681793213,
        "max": 1.2916455268859863
      }
    },
    "guided_ig_standard": {
      "Q": {
        "mean": 0.3533184066490016,
        "std": 0.18634795462471088,
        "min": 0.03917400371608063,
        "max": 0.7656054666161303
      },
      "Var_nu": {
        "mean": 1.2242382289469242,
        "std": 0.8201604505642206,
        "min": 0.11255068331956863,
        "max": 3.3904571533203125
      },
      "CV2": {
        "mean": 3.348176246451132,
        "std": 4.089855168304189,
        "min": 0.30615577292030194,
        "max": 24.52713292334497
      },
      "insertion_auc": {
        "mean": 0.570450470427458,
        "std": 0.17537969302460618,
        "min": 0.19045126314386937,
        "max": 0.8902711108361675
      },
      "deletion_auc": {
        "mean": 0.243758889083217,
        "std": 0.13878596331151585,
        "min": 0.005527947837647323,
        "max": 0.6548502323481595
      },
      "ins_del": {
        "mean": 0.32669158134424103,
        "std": 0.18504412163338568,
        "min": -0.04994633839602436,
        "max": 0.7535981142488205
      },
      "time": {
        "mean": 1.4094188404083252,
        "std": 0.017466546789130698,
        "min": 1.3762547969818115,
        "max": 1.461733102798462
      }
    },
    "idgi_standard": {
      "Q": {
        "mean": 0.6777303967311245,
        "std": 0.30744587218846425,
        "min": 0.0005145732938159765,
        "max": 0.9990171298260225
      },
      "Var_nu": {
        "mean": 0.5411752521735615,
        "std": 2.11370276145785,
        "min": 0.0012700891820713878,
        "max": 15.216456413269043
      },
      "CV2": {
        "mean": 46.94309838485048,
        "std": 275.1316472225898,
        "min": 0.0009838371581761941,
        "max": 1942.3577529533113
      },
      "insertion_auc": {
        "mean": 0.5731451485990697,
        "std": 0.16271239032860355,
        "min": 0.16093881635736543,
        "max": 0.9316467558101618
      },
      "deletion_auc": {
        "mean": 0.2643892702300843,
        "std": 0.13960415468215095,
        "min": 0.033825841444027296,
        "max": 0.7913802599661811
      },
      "ins_del": {
        "mean": 0.30875587836898544,
        "std": 0.171706184025186,
        "min": -0.05438416393818979,
        "max": 0.6854261356235194
      },
      "time": {
        "mean": 1.233698992729187,
        "std": 0.012577659618441818,
        "min": 1.2098891735076904,
        "max": 1.2608668804168701
      }
    },
    "lig": {
      "Q": {
        "mean": 0.8414568908879665,
        "std": 0.30294188236105485,
        "min": 0.027587559712484097,
        "max": 0.9999991127349303
      },
      "Var_nu": {
        "mean": 0.43077968768281605,
        "std": 0.9845089055957027,
        "min": 1.0662104159564478e-06,
        "max": 3.8683738708496094
      },
      "CV2": {
        "mean": 1.2733706928285782,
        "std": 5.043910429678905,
        "min": 8.87265856905546e-07,
        "max": 35.2482224024865
      },
      "insertion_auc": {
        "mean": 0.6231936150775002,
        "std": 0.15367767276094246,
        "min": 0.22821360392745005,
        "max": 0.9080702580841048
      },
      "deletion_auc": {
        "mean": 0.2628481562883202,
        "std": 0.1306438806627243,
        "min": 0.03489636747013325,
        "max": 0.6429561707551752
      },
      "ins_del": {
        "mean": 0.3603454587891799,
        "std": 0.16078750496839117,
        "min": -0.03915537612613307,
        "max": 0.7137989962204137
      },
      "time": {
        "mean": 9.012405767440796,
        "std": 0.018379848948018897,
        "min": 8.972644329071045,
        "max": 9.067965507507324
      }
    }
  },
  "images": [
    {
      "index": 0,
      "source": "./sample_imagenet1k/n01806567_quail.JPEG",
      "target_class": 85,
      "confidence": 0.9078691005706787,
      "class_name": null
    },
    {
      "index": 1,
      "source": "./sample_imagenet1k/n02417914_ibex.JPEG",
      "target_class": 350,
      "confidence": 0.8285247683525085,