{
  "config": {
    "model": "resnet50",
    "n_test": 50,
    "N": 50,
    "min_conf": 0.75,
    "methods": [
      "ig",
      "idig",
      "guided_ig",
      "guided_ig_standard",
      "idgi_standard",
      "lig"
    ],
    "metrics": [
      "insertion",
      "deletion",
      "ins-del"
    ],
    "seed": 42
  },
  "statistics": {
    "ig": {
      "Q": {
        "mean": 0.7260479291470141,
        "std": 0.2855016053799195,
        "min": 0.024108951686699357,
        "max": 0.9923887302280736
      },
      "Var_nu": {
        "mean": 0.21773688935674726,
        "std": 0.4651683125544706,
        "min": 0.0012654295423999429,
        "max": 2.3463308811187744
      },
      "CV2": {
        "mean": 1.8746919322019613,
        "std": 6.083223262566271,
        "min": 0.007669645512980835,
        "max": 40.47836923791626
      },
      "insertion_auc": {
        "mean": 0.51447075913874,
        "std": 0.17609145306696225,
        "min": 0.17037958052606966,
        "max": 0.997604784116799
      },
      "deletion_auc": {
        "mean": 0.31844332352838667,
        "std": 0.1431227895037487,
        "min": 0.03705095162403114,
        "max": 0.6512571466284404
      },
      "ins_del": {
        "mean": 0.19602743561035332,
        "std": 0.20387060209339397,
        "min": -0.43850814468379323,
        "max": 0.8039466010608082
      },
      "time": {
        "mean": 0.24256618022918702,
        "std": 0.02677147367301859,
        "min": 0.23807716369628906,
        "max": 0.4299488067626953
      }
    },
    "idig": {
      "Q": {
        "mean": 0.8698485285249395,
        "std": 0.20332487555961806,
        "min": 0.02212264455227165,
        "max": 0.9993458944175819
      },
      "Var_nu": {
        "mean": 0.13577433424718038,
        "std": 0.308176317122178,
        "min": 1.537568459752947e-05,
        "max": 1.3386900424957275
      },
      "CV2": {
        "mean": 1.0754089751654425,
        "std": 6.1725313975700535,
        "min": 0.0006545337165759752,
        "max": 44.20255241805238
      },
      "insertion_auc": {
        "mean": 0.5679598031171864,
        "std": 0.1629112247201945,
        "min": 0.19096837949140888,
        "max": 0.9767265638327665
      },
      "deletion_auc": {
        "mean": 0.275373302355034,
        "std": 0.14931375925896964,
        "min": 0.038623148196295316,
        "max": 0.6527729209354661
      },
      "ins_del": {
        "mean": 0.29258650076215253,
        "std": 0.1881465917913327,
        "min": -0.06444939638676567,
        "max": 0.7103510537018041
      },
      "time": {
        "mean": 0.2424056673049927,
        "std": 0.0007338604954655103,
        "min": 0.23883628845214844,
        "max": 0.24358463287353516
      }
    },
    "guided_ig": {
      "Q": {
        "mean": 0.9383573829791426,
        "std": 0.13506987251187078,
        "min": 0.2787120286183221,
        "max": 0.999651208973348
      },
      "Var_nu": {
        "mean": 0.4980102543529938,
        "std": 2.0863838735652176,
        "min": 7.558822107966989e-05,
        "max": 14.150520324707031
      },
      "CV2": {
        "mean": 0.12130492768818209,
        "std": 0.4070816183359965,
        "min": 0.0003489127242791981,
        "max": 2.5879326951095982
      },
      "insertion_auc": {
        "mean": 0.5248006992927483,
        "std": 0.18613032224800885,
        "min": 0.142086621332185,
        "max": 0.9999581819324177
      },
      "deletion_auc": {
        "mean": 0.2838472366212339,
        "std": 0.12579396533948387,
        "min": 0.05767115328095133,
        "max": 0.5601537929125087
      },
      "ins_del": {
        "mean": 0.2409534626715145,
        "std": 0.1615596603062354,
        "min": -0.14907519930182403,
        "max": 0.6428431930193106
      },
      "time": {
        "mean": 1.2578761529922486,
        "std": 0.016764571196116417,
        "min": 1.234269618988037,
        "max": 1.3295929431915283
      }
    },
    "guided_ig_standard": {
      "Q": {
        "mean": 0.34031887086624885,
        "std": 0.20972611693388848,
        "min": 0.0011648650732777337,
        "max": 0.8255409520640389
      },
      "Var_nu": {
        "mean": 1.4315335142612458,
        "std": 1.2762436501033476,
        "min": 0.1650504320859909,
        "max": 5.897392272949219
      },
      "CV2": {
        "mean": 21.95597035945156,
        "std": 119.69152170839305,
        "min": 0.21132694568303872,
        "max": 857.4685239005139
      },
      "insertion_auc": {
        "mean": 0.5647505250485064,
        "std": 0.1616429317644745,
        "min": 0.28134651418745077,
        "max": 0.9999756781047332
      },
      "deletion_auc": {
        "mean": 0.2645778239366326,
        "std": 0.12878580582670365,
        "min": 0.04342480963211394,
        "max": 0.5687665179093907
      },
      "ins_del": {
        "mean": 0.3001727011118738,
        "std": 0.1664407098850406,
        "min": 0.013480598640033481,
        "max": 0.7958568714814285
      },
      "time": {
        "mean": 1.40523024559021,
        "std": 0.019585684261756296,
        "min": 1.383274793624878,
        "max": 1.498319149017334
      }
    },
    "idgi_standard": {
      "Q": {
        "mean": 0.14698974000986237,
        "std": 0.2534826954026645,
        "min": 4.0619521051912774e-06,
        "max": 0.9427721174581549
      },
      "Var_nu": {
        "mean": 0.2540072296711696,
        "std": 0.45047756444492454,
        "min": 1.0785969607240986e-05,
        "max": 1.8052009344100952
      },
      "CV2": {
        "mean": 5245.416201030952,
        "std": 34455.780495617626,
        "min": 0.06070171304613826,
        "max": 246186.04851836502
      },
      "insertion_auc": {
        "mean": 0.4511418834193835,
        "std": 0.1551264341505533,
        "min": 0.12880514585641903,
        "max": 0.8530268223742404
      },
      "deletion_auc": {
        "mean": 0.2950275234227399,
        "std": 0.1348560830290505,
        "min": 0.06193604536487127,
        "max": 0.6585354449277158
      },
      "ins_del": {
        "mean": 0.15611435999664364,
        "std": 0.13188059603634414,
        "min": -0.1263323821661514,
        "max": 0.47627503411847927
      },
      "time": {
        "mean": 1.2370259475708008,
        "std": 0.012685850900553795,
        "min": 1.2171714305877686,
        "max": 1.2902357578277588
      }
    },
    "lig": {
      "Q": {
        "mean": 0.9656656370969385,
        "std": 0.16208800382743538,
        "min": 0.05308410405736609,
        "max": 0.9999997041643429
      },
      "Var_nu": {
        "mean": 0.0049915017260201465,
        "std": 0.026573386564456652,
        "min": 1.3346951277526387e-07,
        "max": 0.18780001997947693
      },
      "CV2": {
        "mean": 0.4023230508054866,
        "std": 2.509593543168238,
        "min": 2.958357445311403e-07,
        "max": 17.838031040692254
      },
      "insertion_auc": {
        "mean": 0.6038219996435799,
        "std": 0.15778833993506033,
        "min": 0.2020482471016708,
        "max": 1.0050066021539301
      },
      "deletion_auc": {
        "mean": 0.26975873282302515,
        "std": 0.13719277529950674,
        "min": 0.03197639278806462,
        "max": 0.6223868568346377
      },
      "ins_del": {
        "mean": 0.33406326682055476,
        "std": 0.15974731809994597,
        "min": -0.04395277302029835,
        "max": 0.7616182278535408
      },
      "time": {
        "mean": 53.563250041008,
        "std": 0.044771675221932004,
        "min": 53.4466552734375,
        "max": 53.819671392440796
      }
    }
  },
  "images": [
    {
      "index": 0,
      "source": "./sample_imagenet1k/n01806567_quail.JPEG",
      "target_class": 85,
      "confidence": 0.8056140542030334,
      "class_name": null
    },
    {
      "index": 1,
      "source": "./sample_imagenet1k/n04127249_safety_pin.JPEG",
      "target_class": 772,
      "confidence": 0.7738441228866577,