{
  "config": {
    "model": "vgg16",
    "n_test": 50,
    "N": 50,
    "min_conf": 0.75,
    "methods": [
      "ig",
      "idig",
      "guided_ig",
      "guided_ig_standard",
      "idgi_standard",
      "lig"
    ],
    "metrics": [
      "insertion",
      "deletion",
      "ins-del"
    ],
    "seed": 42
  },
  "statistics": {
    "ig": {
      "Q": {
        "mean": 0.8846988690820444,
        "std": 0.12242990580277922,
        "min": 0.3525867302941618,
        "max": 0.9901125509442065
      },
      "Var_nu": {
        "mean": 0.12618482762947678,
        "std": 0.15107078693048467,
        "min": 0.00978044979274273,
        "max": 0.7235203981399536
      },
      "CV2": {
        "mean": 0.16695756011412746,
        "std": 0.28173280996802225,
        "min": 0.009986186970728323,
        "max": 1.8361816088929483
      },
      "insertion_auc": {
        "mean": 0.46276668002133087,
        "std": 0.22592595995886974,
        "min": 0.11254325750801762,
        "max": 0.9727405777332898
      },
      "deletion_auc": {
        "mean": 0.16939770349100822,
        "std": 0.1522711158190988,
        "min": -0.11213416642669186,
        "max": 0.5483520881866971
      },
      "ins_del": {
        "mean": 0.2933689765303226,
        "std": 0.23951989281461658,
        "min": -0.07432991201404604,
        "max": 0.8288820016614324
      },
      "time": {
        "mean": 0.39511576652526853,
        "std": 0.0025519077757912173,
        "min": 0.3900871276855469,
        "max": 0.3986337184906006
      }
    },
    "idig": {
      "Q": {
        "mean": 0.9234640746689894,
        "std": 0.10238920485182983,
        "min": 0.4931369499369852,
        "max": 0.9928230614250568
      },
      "Var_nu": {
        "mean": 0.0668402946088463,
        "std": 0.08462778623216222,
        "min": 0.007076590787619352,
        "max": 0.5189070105552673
      },
      "CV2": {
        "mean": 0.1044104711590016,
        "std": 0.19847929785880183,
        "min": 0.007228819367513235,
        "max": 1.0278342560373614
      },
      "insertion_auc": {
        "mean": 0.5217977289866982,
        "std": 0.21648160453339527,
        "min": 0.07558099811744141,
        "max": 0.8905744192522297
      },
      "deletion_auc": {
        "mean": 0.15874043024540127,
        "std": 0.13614947003224373,
        "min": -0.1215049163974641,
        "max": 0.5328612968920218
      },
      "ins_del": {
        "mean": 0.3630572987412969,
        "std": 0.19617553620069692,
        "min": 0.09607637402723371,
        "max": 0.7639030110700008
      },
      "time": {
        "mean": 0.3946628522872925,
        "std": 0.0023436769931120404,
        "min": 0.3904533386230469,
        "max": 0.39801502227783203
      }
    },
    "guided_ig": {
      "Q": {
        "mean": 0.3656570282813082,
        "std": 0.37907057077249656,
        "min": 0.0011908155016984055,
        "max": 0.9960591501152047
      },
      "Var_nu": {
        "mean": 0.007415103419261868,
        "std": 0.013906067053225913,
        "min": 4.572267243929673e-06,
        "max": 0.0798339694738388
      },
      "CV2": {
        "mean": 62.830593985838775,
        "std": 160.69870649662954,
        "min": 0.003956441627326497,
        "max": 838.7606502214205
      },
      "insertion_auc": {
        "mean": 0.32145281811886134,
        "std": 0.16481978495859764,
        "min": 0.05087005377336455,
        "max": 0.7533371907206526
      },
      "deletion_auc": {
        "mean": 0.23721801302382192,
        "std": 0.13274219634447137,
        "min": -0.06750858806863712,
        "max": 0.531716995642622
      },
      "ins_del": {
        "mean": 0.08423480509503949,
        "std": 0.1298971018840098,
        "min": -0.264926657405726,
        "max": 0.38411022606964945
      },
      "time": {
        "mean": 0.9045764875411987,
        "std": 0.001341206703776585,
        "min": 0.9013290405273438,
        "max": 0.9095590114593506
      }
    },
    "guided_ig_standard": {
      "Q": {
        "mean": 0.583872464610452,
        "std": 0.2550987183363611,
        "min": 0.005667640727953571,
        "max": 0.9524264542366918
      },
      "Var_nu": {
        "mean": 0.8775994074344635,
        "std": 1.0711690132417246,
        "min": 0.03513213247060776,
        "max": 4.909071922302246
      },
      "CV2": {
        "mean": 5.892713479403506,
        "std": 25.25648208515396,
        "min": 0.049949836600701396,
        "max": 175.44025936010104
      },
      "insertion_auc": {
        "mean": 0.47218939193153076,
        "std": 0.2284075835609023,
        "min": 0.11698638950989065,
        "max": 0.9741342762734726
      },
      "deletion_auc": {
        "mean": 0.15453508055985044,
        "std": 0.15229869300497917,
        "min": -0.13008367992207293,
        "max": 0.5426666947697817
      },
      "ins_del": {
        "mean": 0.3176543113716804,
        "std": 0.2321479877157956,
        "min": -0.08506576697160861,
        "max": 0.8240725758592409
      },
      "time": {
        "mean": 1.0212503862380982,
        "std": 0.006639891155859021,
        "min": 1.0118300914764404,
        "max": 1.0578405857086182
      }
    },
    "idgi_standard": {
      "Q": {
        "mean": 0.8808744533632843,
        "std": 0.13643982802236942,
        "min": 0.42711119792842883,
        "max": 0.9916730593811909
      },
      "Var_nu": {
        "mean": 0.09919001754373312,
        "std": 0.0915068493540649,
        "min": 0.008311573415994644,
        "max": 0.43362581729888916
      },
      "CV2": {
        "mean": 0.17987986833487202,
        "std": 0.2954692440057861,
        "min": 0.008396860779907778,
        "max": 1.341310658325494
      },
      "insertion_auc": {
        "mean": 0.520512297839785,
        "std": 0.20747416558337659,
        "min": 0.05120915745801985,
        "max": 0.8719407871474826
      },
      "deletion_auc": {
        "mean": 0.15292359467186042,
        "std": 0.1376068396550488,
        "min": -0.11639840011099592,
        "max": 0.5391434944702634
      },
      "ins_del": {
        "mean": 0.3675887031679247,
        "std": 0.1910828845976509,
        "min": 0.045107531570172915,
        "max": 0.7698717783646234
      },
      "time": {
        "mean": 0.8890951824188232,
        "std": 0.0011632739970817991,
        "min": 0.886620283126831,
        "max": 0.8917341232299805
      }
    },
    "lig": {
      "Q": {
        "mean": 0.9913868903941041,
        "std": 0.057823145358081085,
        "min": 0.5866315251743874,
        "max": 0.9999867664919851
      },
      "Var_nu": {
        "mean": 0.0052943216719177144,
        "std": 0.0330855327245245,
        "min": 7.675303095311392e-06,
        "max": 0.23684921860694885
      },
      "CV2": {
        "mean": 0.014438923481117043,
        "std": 0.09860179304664297,
        "min": 1.3233683142964456e-05,
        "max": 0.7046475633963428
      },
      "insertion_auc": {
        "mean": 0.4937882976857336,
        "std": 0.20914187185784577,
        "min": 0.12392317505701146,
        "max": 0.8977279079998848
      },
      "deletion_auc": {
        "mean": 0.15293968433760854,
        "std": 0.1368883954065098,
        "min": -0.12502850843732904,
        "max": 0.5206335837090676
      },
      "ins_del": {
        "mean": 0.3408486133481251,
        "std": 0.1987057801828398,
        "min": -0.06498107134378363,
        "max": 0.7957362391056941
      },
      "time": {
        "mean": 89.82559801578522,
        "std": 0.07900516739213129,
        "min": 89.4791669845581,
        "max": 89.9591007232666
      }
    }
  },
  "images": [
    {
      "index": 0,
      "source": "./sample_imagenet1k/n04141076_sax.JPEG",
      "target_class": 776,
      "confidence": 0.7626879215240479,
      "class_name": null
    },
    {
      "index": 1,
      "source": "./sample_imagenet1k/n03075370_combination_lock.JPEG",
      "target_class": 507,
      "confidence": 0.9135053157806396,