{
  "config": {
    "model": "vit_b_16",
    "n_test": 50,
    "N": 50,
    "min_conf": 0.75,
    "methods": [
      "ig",
      "idig",
      "guided_ig",
      "guided_ig_standard",
      "idgi_standard",
      "lig"
    ],
    "metrics": [
      "insertion",
      "deletion",
      "ins-del"
    ],
    "seed": 42
  },
  "statistics": {
    "ig": {
      "Q": {
        "mean": 0.6715576585036058,
        "std": 0.2778200386205993,
        "min": 0.03435996313289036,
        "max": 0.9817823259301675
      },
      "Var_nu": {
        "mean": 1.1236983471736313,
        "std": 2.4955462471345142,
        "min": 0.011902795173227787,
        "max": 16.353221893310547
      },
      "CV2": {
        "mean": 1.9061377872043082,
        "std": 5.048915802733731,
        "min": 0.01855571605709301,
        "max": 28.10364007471157
      },
      "insertion_auc": {
        "mean": 0.6971809353225672,
        "std": 0.17609150249000344,
        "min": 0.29201616745333625,
        "max": 0.9307593345230645
      },
      "deletion_auc": {
        "mean": 0.38362751655591276,
        "std": 0.1895812824747054,
        "min": 0.07444704056656971,
        "max": 0.8485660093969509
      },
      "ins_del": {
        "mean": 0.31355341876665443,
        "std": 0.2320710874550063,
        "min": -0.2702958879645521,
        "max": 0.8294233264892198
      },
      "time": {
        "mean": 0.42388049125671384,
        "std": 0.47567966630693265,
        "min": 0.35547757148742676,
        "max": 3.7536377906799316
      }
    },
    "idig": {
      "Q": {
        "mean": 0.751619148387454,
        "std": 0.25661791143247187,
        "min": 0.10991608224083597,
        "max": 0.9954910571804197
      },
      "Var_nu": {
        "mean": 0.5380570020037703,
        "std": 1.078482708350671,
        "min": 0.001178530976176262,
        "max": 5.109792232513428
      },
      "CV2": {
        "mean": 0.7765071929631243,
        "std": 1.5691927537407544,
        "min": 0.004529365469491063,
        "max": 8.097849737847374
      },
      "insertion_auc": {
        "mean": 0.7133058188314658,
        "std": 0.1554405956044666,
        "min": 0.4208359456701637,
        "max": 0.9734735987570077
      },
      "deletion_auc": {
        "mean": 0.31046657821419155,
        "std": 0.16979402310293074,
        "min": -0.11137068916479528,
        "max": 0.7074546341098515
      },
      "ins_del": {
        "mean": 0.4028392406172743,
        "std": 0.1990431911332215,
        "min": 0.007441543405009243,
        "max": 0.7948705208233714
      },
      "time": {
        "mean": 0.3564117240905762,
        "std": 0.00028479278267688724,
        "min": 0.35591578483581543,
        "max": 0.35726332664489746
      }
    },
    "guided_ig": {
      "Q": {
        "mean": 0.8955533385655103,
        "std": 0.1973910067969707,
        "min": 0.019725987803202946,
        "max": 0.9999919457014096
      },
      "Var_nu": {
        "mean": 0.0003977264324225871,
        "std": 0.0007548126979401856,
        "min": 5.110429128762917e-07,
        "max": 0.00478254072368145
      },
      "CV2": {
        "mean": 1.1751160476426712,
        "std": 6.956911271484374,
        "min": 8.054363462555517e-06,
        "max": 49.694546198473674
      },
      "insertion_auc": {
        "mean": 0.6156843168433996,
        "std": 0.16929704372651813,
        "min": 0.20695621747327328,
        "max": 0.9309060279740646
      },
      "deletion_auc": {
        "mean": 0.4741273837296863,
        "std": 0.17891300969836874,
        "min": 0.01022952593368025,
        "max": 0.8389804292044754
      },
      "ins_del": {
        "mean": 0.14155693311371323,
        "std": 0.17635032618089347,
        "min": -0.3919013776130298,
        "max": 0.5189230114456032
      },
      "time": {
        "mean": 1.4404724168777465,
        "std": 0.07255754931136592,
        "min": 1.4183273315429688,
        "max": 1.947009563446045
      }
    },
    "guided_ig_standard": {
      "Q": {
        "mean": 0.5065015430866919,
        "std": 0.23717889140625367,
        "min": 0.0006127710418702924,
        "max": 0.8960473033776147
      },
      "Var_nu": {
        "mean": 0.6311310265958309,
        "std": 0.6295728064681431,
        "min": 0.0411720909178257,
        "max": 3.3168702125549316
      },
      "CV2": {
        "mean": 35.59739225361258,
        "std": 228.01191605930896,
        "min": 0.11601250986475803,
        "max": 1630.930903503227
      },
      "insertion_auc": {
        "mean": 0.6862985069046168,
        "std": 0.17087626073532192,
        "min": 0.3047210874141674,
        "max": 0.9346905814575327
      },
      "deletion_auc": {
        "mean": 0.37935972902563136,
        "std": 0.19624832042009838,
        "min": 0.07231930443266998,
        "max": 0.9050920227487566
      },
      "ins_del": {
        "mean": 0.30693877787898544,
        "std": 0.23623974805875317,
        "min": -0.2844232457681115,
        "max": 0.844078751609285
      },
      "time": {
        "mean": 1.6022430658340454,
        "std": 0.12726899847265646,
        "min": 1.5613586902618408,
        "max": 2.484363555908203
      }
    },
    "idgi_standard": {
      "Q": {
        "mean": 0.7131231636905966,
        "std": 0.28368369270026084,
        "min": 1.928882278198151e-05,
        "max": 0.9990072029319406
      },
      "Var_nu": {
        "mean": 0.5786971223796717,
        "std": 1.235193775504548,
        "min": 0.0018112178659066558,
        "max": 7.034204959869385
      },
      "CV2": {
        "mean": 1040.7651624490804,
        "std": 7257.413740619414,
        "min": 0.0009937836935967814,
        "max": 51842.49565045211
      },
      "insertion_auc": {
        "mean": 0.7075631549891152,
        "std": 0.1629914542817891,
        "min": 0.3842452798376011,
        "max": 0.973972273081783
      },
      "deletion_auc": {
        "mean": 0.3149331954712139,
        "std": 0.1665259062342749,
        "min": -0.07102187474120678,
        "max": 0.6955200160832257
      },
      "ins_del": {
        "mean": 0.3926299595179012,
        "std": 0.19370973775485514,
        "min": 0.019034573275387934,
        "max": 0.7772586029998239
      },
      "time": {
        "mean": 1.4133046340942383,
        "std": 0.006225543812914291,
        "min": 1.4017117023468018,
        "max": 1.4389748573303223
      }
    },
    "lig": {
      "Q": {
        "mean": 0.9144477616390512,
        "std": 0.23747790743432173,
        "min": 0.04150790929946762,
        "max": 0.9999933921178177
      },
      "Var_nu": {
        "mean": 0.08651067504192725,
        "std": 0.3593563116468823,
        "min": 2.2410627025237773e-06,
        "max": 1.9623948335647583
      },
      "CV2": {
        "mean": 0.7685260003560606,
        "std": 3.3834434077358213,
        "min": 6.6079258467147465e-06,
        "max": 23.091793994857408
      },
      "insertion_auc": {
        "mean": 0.7785409208152387,
        "std": 0.15630805813545603,
        "min": 0.4313037353530215,
        "max": 0.9922902165571224
      },
      "deletion_auc": {
        "mean": 0.3154063338327187,
        "std": 0.19213339675118532,
        "min": -0.03959977395704432,
        "max": 0.7506892792836585
      },
      "ins_del": {
        "mean": 0.46313458698251997,
        "std": 0.20858949179621344,
        "min": 0.007013448200235528,
        "max": 0.864355719068169
      },
      "time": {
        "mean": 78.13084688663483,
        "std": 0.217432123510298,
        "min": 78.07363796234131,
        "max": 79.64921307563782
      }
    }
  },
  "images": [
    {
      "index": 0,
      "source": "./sample_imagenet1k/n04141076_sax.JPEG",
      "target_class": 776,
      "confidence": 0.8908113837242126,
      "class_name": null
    },
    {
      "index": 1,
      "source": "./sample_imagenet1k/n03075370_combination_lock.JPEG",
      "target_class": 507,
      "confidence": 0.9100056886672974,